Table 38.  Light-Duty Vehicle Sales by Technology Type,,,,,,,,,,,,,,,,,,,,,,,,,,,,,,,,,,
https://www.eia.gov/outlooks/aeo/data/browser/#/?id=48-AEO2023&cases=ref2023~noIRA&sourcekey=0,,,,,,,,,,,,,,,,,,,,,,,,,,,,,,,,,,
Wed Mar 20 2024 13:12:47 GMT-0400 (Eastern Daylight Time),,,,,,,,,,,,,,,,,,,,,,,,,,,,,,,,,,
Source: U.S. Energy Information Administration,,,,,,,,,,,,,,,,,,,,,,,,,,,,,,,,,,
,full name,api key,units,2021,2022,2023,2024,2025,2026,2027,2028,2029,2030,2031,2032,2033,2034,2035,2036,2037,2038,2039,2040,2041,2042,2043,2044,2045,2046,2047,2048,2049,2050,Growth (2022-2050)
New Car Sales,,,,,,,,,,,,,,,,,,,,,,,,,,,,,,,,,,
Conventional Cars,,,,,,,,,,,,,,,,,,,,,,,,,,,,,,,,,,
Gasoline ICE Vehicles,Light-Duty Vehicle Sales: Conventional Cars: Gasoline,,thousands,,,,,,,,,,,,,,,,,,,,,,,,,,,,,,,
Reference case,Light-Duty Vehicle Sales: Conventional Cars: Gasoline: Reference case,AEO.2023.REF2023.ECI_SAL_TRN_CAR_GSL_NA_NA_TH.A,thousands,,4261.208984,4165.469238,4178.907715,3978.719482,3855.073975,3710.067871,3529.684082,3435.468994,3334.183838,3264.727539,3205.777588,3152.030518,3120.513184,3100.702881,3107.575195,3103.595215,3105.542236,3104.023682,3113.29834,3089.438477,3066.686035,3034.638916,3020.638916,3018.657715,3014.900146,2999.364258,2994.17334,2975.367676,2985.580322,-1.30%
No Inflation Reduction Act,Light-Duty Vehicle Sales: Conventional Cars: Gasoline: No Inflation Reduction Act,AEO.2023.NOIRA.ECI_SAL_TRN_CAR_GSL_NA_NA_TH.A,thousands,,4298.724609,4196.467285,4272.181641,4058.691895,3988.665039,3850.788086,3673.891846,3598.765381,3514.19458,3453.720703,3407.564209,3342.630127,3297.842529,3253.518066,3240.979248,3219.228271,3204.255127,3164.412598,3149.232422,3123.993408,3085.945557,3061.069092,3041.881348,3043.851807,3039.543701,3026.45166,3017.343018,3013.720459,3010.905518,-1.30%
TDI Diesel ICE,Light-Duty Vehicle Sales: Conventional Cars: TDI Diesel,,thousands,,,,,,,,,,,,,,,,,,,,,,,,,,,,,,,
Reference case,Light-Duty Vehicle Sales: Conventional Cars: TDI Diesel: Reference case,AEO.2023.REF2023.ECI_SAL_TRN_CAR_TDS_NA_NA_TH.A,thousands,,0.038023,0.043187,0.045354,0.04532,0.044067,0.044173,0.047337,0.045893,0.044605,0.043331,0.042484,0.041492,0.04148,0.041261,0.042232,0.042577,0.043086,0.043958,0.044604,0.044463,0.044759,0.044291,0.044716,0.045012,0.045916,0.046359,0.047075,0.047726,0.048886,0.90%
No Inflation Reduction Act,Light-Duty Vehicle Sales: Conventional Cars: TDI Diesel: No Inflation Reduction Act,AEO.2023.NOIRA.ECI_SAL_TRN_CAR_TDS_NA_NA_TH.A,thousands,,0.033541,0.040265,0.045128,0.044608,0.04416,0.044911,0.048448,0.047466,0.046607,0.045774,0.044972,0.043854,0.04371,0.043041,0.043647,0.043985,0.044162,0.044977,0.045296,0.045418,0.045924,0.046086,0.045887,0.046269,0.046398,0.046686,0.047049,0.047716,0.048283,1.30%
Total Conventional Cars,Light-Duty Vehicle Sales: Conventional Cars: Total,,thousands,,,,,,,,,,,,,,,,,,,,,,,,,,,,,,,
Reference case,Light-Duty Vehicle Sales: Conventional Cars: Total: Reference case,AEO.2023.REF2023.ECI_SAL_TRN_CAR_CNV_NA_NA_TH.A,thousands,,4261.24707,4165.512207,4178.953125,3978.764893,3855.118164,3710.112061,3529.731445,3435.514893,3334.228516,3264.770752,3205.820068,3152.072021,3120.554688,3100.744141,3107.617432,3103.637695,3105.585205,3104.067627,3113.343018,3089.48291,3066.730713,3034.683105,3020.683594,3018.702637,3014.946045,2999.410645,2994.220459,2975.415283,2985.62915,-1.30%
No Inflation Reduction Act,Light-Duty Vehicle Sales: Conventional Cars: Total: No Inflation Reduction Act,AEO.2023.NOIRA.ECI_SAL_TRN_CAR_CNV_NA_NA_TH.A,thousands,,4298.758301,4196.507324,4272.226562,4058.736572,3988.709229,3850.833008,3673.940186,3598.812744,3514.241211,3453.766357,3407.609131,3342.674072,3297.88623,3253.561035,3241.022949,3219.272217,3204.299316,3164.45752,3149.277832,3124.038818,3085.991455,3061.115234,3041.927246,3043.898193,3039.590088,3026.498291,3017.390137,3013.768066,3010.953857,-1.30%
Alternative-Fuel Cars,,,,,,,,,,,,,,,,,,,,,,,,,,,,,,,,,,
Ethanol-Flex Fuel ICE,Light-Duty Vehicle Sales: Alternative-Fuel Cars: Ethanol-Flex Fuel ICE,,thousands,,,,,,,,,,,,,,,,,,,,,,,,,,,,,,,
Reference case,Light-Duty Vehicle Sales: Alternative-Fuel Cars: Ethanol-Flex Fuel ICE: Reference case,AEO.2023.REF2023.ECI_SAL_TRN_CAR_EFFI_NA_NA_TH.A,thousands,,65.354874,64.367447,64.577347,61.971233,60.005486,58.059174,55.693237,54.43404,53.190224,52.335518,51.635181,51.013401,50.723431,50.638119,50.953381,51.106983,51.3372,51.507069,51.807926,51.617271,51.425037,51.076138,50.975266,51.131584,51.549194,51.506973,51.551235,51.505409,51.592045,-0.80%
No Inflation Reduction Act,Light-Duty Vehicle Sales: Alternative-Fuel Cars: Ethanol-Flex Fuel ICE: No Inflation Reduction Act,AEO.2023.NOIRA.ECI_SAL_TRN_CAR_EFFI_NA_NA_TH.A,thousands,,65.659286,64.72821,65.783951,63.034176,61.768337,59.877602,57.519238,56.478485,55.442581,54.736671,54.174347,53.429379,52.995907,52.596889,52.650322,52.602333,52.709637,52.537025,52.515495,52.326939,51.93576,51.721279,51.553211,51.753216,51.866432,51.793396,51.793549,51.890984,51.882439,-0.80%
100-Mile Electric Vehicle,Light-Duty Vehicle Sales: Alternative-Fuel Cars: 100-Mile Electric Vehicle,,thousands,,,,,,,,,,,,,,,,,,,,,,,,,,,,,,,
Reference case,Light-Duty Vehicle Sales: Alternative-Fuel Cars: 100-Mile Electric Vehicle: Reference case,AEO.2023.REF2023.#N/A.A,thousands,,1.743233,2.018218,2.286291,2.499884,2.686242,2.888581,3.082549,3.288037,3.495198,3.699098,3.91727,4.124929,4.35383,4.602961,4.880749,5.138476,5.398667,5.661037,5.919469,6.142765,6.367375,6.565753,6.787687,7.044902,7.363616,7.599362,7.847913,8.110165,8.392363,5.80%
No Inflation Reduction Act,Light-Duty Vehicle Sales: Alternative-Fuel Cars: 100-Mile Electric Vehicle: No Inflation Reduction Act,AEO.2023.NOIRA.#N/A.A,thousands,,1.729942,2.005725,2.286948,2.484148,2.675409,2.872358,3.048159,3.24832,3.45732,3.664227,3.8886,4.100565,4.335759,4.574971,4.85112,5.116744,5.391979,5.664915,5.920192,6.153337,6.372039,6.598531,6.808991,7.076816,7.334658,7.563418,7.803036,8.064263,8.339361,5.80%
200-Mile Electric Vehicle,Light-Duty Vehicle Sales: Alternative-Fuel Cars: 200-Mile Electric Vehicle,,thousands,,,,,,,,,,,,,,,,,,,,,,,,,,,,,,,
Reference case,Light-Duty Vehicle Sales: Alternative-Fuel Cars: 200-Mile Electric Vehicle: Reference case,AEO.2023.REF2023.#N/A.A,thousands,,111.074066,92.723068,115.042404,131.954193,176.260132,211.377258,241.34436,303.136841,357.622101,374.591217,391.294678,397.812195,406.018616,415.848663,426.801666,428.993408,430.972321,432.742188,429.122986,427.270844,425.538147,418.248047,413.413971,407.594452,421.545502,405.493805,397.36911,390.33197,382.406006,4.50%
No Inflation Reduction Act,Light-Duty Vehicle Sales: Alternative-Fuel Cars: 200-Mile Electric Vehicle: No Inflation Reduction Act,AEO.2023.NOIRA.#N/A.A,thousands,,106.463356,85.10038,104.728996,110.458076,142.104538,170.881348,193.667587,244.486694,290.967407,305.091095,320.869873,335.373627,351.415222,366.538666,386.72583,397.156433,412.024628,431.104767,430.687256,431.125885,433.271484,429.883362,419.968933,417.375336,411.262573,401.155731,390.977966,382.39801,374.47113,4.60%
300-Mile Electric Vehicle,Light-Duty Vehicle Sales: Alternative-Fuel Cars: 300-Mile Electric Vehicle,,thousands,,,,,,,,,,,,,,,,,,,,,,,,,,,,,,,
Reference case,Light-Duty Vehicle Sales: Alternative-Fuel Cars: 300-Mile Electric Vehicle: Reference case,AEO.2023.REF2023.#N/A.A,thousands,,508.437866,551.344604,560.900818,608.732605,637.639282,675.878784,715.718384,742.193481,751.131531,761.297546,787.357117,799.633179,813.976379,829.30658,845.679993,852.520325,859.699341,866.590271,868.375916,873.333618,880.520569,881.733521,887.748962,896.845215,945.74054,951.760864,963.335571,980.705017,1002.163269,2.50%
No Inflation Reduction Act,Light-Duty Vehicle Sales: Alternative-Fuel Cars: 300-Mile Electric Vehicle: No Inflation Reduction Act,AEO.2023.NOIRA.#N/A.A,thousands,,480.916748,506.579865,504.468933,527.600159,530.926331,559.338074,584.003357,601.275818,608.782715,616.847778,639.667908,661.191711,685.698853,708.612732,736.002991,757.150024,786.563843,824.771667,839.935913,852.424866,867.561584,879.413391,882.630493,896.837341,909.043213,915.846497,924.561462,938.439819,958.950073,2.50%
Plug-in 20 Gasoline Hybrid,Light-Duty Vehicle Sales: Alternative-Fuel Cars: Plug-in 20 Gasoline Hybrid,,thousands,,,,,,,,,,,,,,,,,,,,,,,,,,,,,,,
Reference case,Light-Duty Vehicle Sales: Alternative-Fuel Cars: Plug-in 20 Gasoline Hybrid: Reference case,AEO.2023.REF2023.ECI_SAL_TRN_CAR_PI20GH_NA_NA_TH.A,thousands,,36.80809,42.450115,55.260315,70.734512,82.198174,88.952583,96.522469,102.665527,104.730766,106.996452,109.586121,112.281425,115.795715,119.63102,121.983734,123.021652,124.072029,124.679176,124.110359,126.292648,128.647797,130.731369,132.804047,135.452072,140.674973,143.498657,146.019882,148.854767,152.716949,5.20%
No Inflation Reduction Act,Light-Duty Vehicle Sales: Alternative-Fuel Cars: Plug-in 20 Gasoline Hybrid: No Inflation Reduction Act,AEO.2023.NOIRA.ECI_SAL_TRN_CAR_PI20GH_NA_NA_TH.A,thousands,,35.592636,39.525955,48.356503,58.968658,64.853142,69.527885,75.107048,79.866364,81.579613,83.54113,85.929161,90.651711,96.519974,102.486641,107.238815,111.362785,115.942299,120.433754,122.931526,125.756104,128.751221,131.800232,133.767609,136.794388,139.632111,141.734558,144.075043,147.021774,150.731842,5.30%
Plug-in 50 Gasoline Hybrid,Light-Duty Vehicle Sales: Alternative-Fuel Cars: Plug-in 50 Gasoline Hybrid,,thousands,,,,,,,,,,,,,,,,,,,,,,,,,,,,,,,
Reference case,Light-Duty Vehicle Sales: Alternative-Fuel Cars: Plug-in 50 Gasoline Hybrid: Reference case,AEO.2023.REF2023.ECI_SAL_TRN_CAR_PI50GH_NA_NA_TH.A,thousands,,1.854877,1.49115,1.977841,2.428875,2.840816,3.235911,3.649448,4.028141,4.407535,4.740758,5.120164,5.490333,5.892612,6.322652,6.770133,7.177146,7.589231,7.999948,8.386799,8.448369,8.815644,9.141729,9.498623,9.904785,10.464735,10.843572,11.242437,11.666951,12.12445,6.90%
No Inflation Reduction Act,Light-Duty Vehicle Sales: Alternative-Fuel Cars: Plug-in 50 Gasoline Hybrid: No Inflation Reduction Act,AEO.2023.NOIRA.ECI_SAL_TRN_CAR_PI50GH_NA_NA_TH.A,thousands,,1.789599,1.45692,1.930299,2.32614,2.701157,3.080285,3.45111,3.813196,4.180563,4.510283,4.88711,5.275354,5.696753,6.126262,6.591725,7.030269,7.514261,8.017313,8.417319,8.490281,8.858615,9.22941,9.568732,9.99644,10.408878,10.775013,11.158889,11.578353,12.031131,7.00%
Electric-Diesel Hybrid,Light-Duty Vehicle Sales: Alternative-Fuel Cars: Electric-Diesel Hybrid,,thousands,,,,,,,,,,,,,,,,,,,,,,,,,,,,,,,
Reference case,Light-Duty Vehicle Sales: Alternative-Fuel Cars: Electric-Diesel Hybrid: Reference case,AEO.2023.REF2023.ECI_SAL_TRN_CAR_EDH_NA_NA_TH.A,thousands,,0,0,0,0,0,0,0,0,0,0,0,0,0,0,0,0,0,0,0,0,0,0,0,0,0,0,0,0,0,- -
No Inflation Reduction Act,Light-Duty Vehicle Sales: Alternative-Fuel Cars: Electric-Diesel Hybrid: No Inflation Reduction Act,AEO.2023.NOIRA.ECI_SAL_TRN_CAR_EDH_NA_NA_TH.A,thousands,,0,0,0,0,0,0,0,0,0,0,0,0,0,0,0,0,0,0,0,0,0,0,0,0,0,0,0,0,0,- -
Electric-Gasoline Hybrid,Light-Duty Vehicle Sales: Alternative-Fuel Cars: Electric-Gasoline Hybrid,,thousands,,,,,,,,,,,,,,,,,,,,,,,,,,,,,,,
Reference case,Light-Duty Vehicle Sales: Alternative-Fuel Cars: Electric-Gasoline Hybrid: Reference case,AEO.2023.REF2023.ECI_SAL_TRN_CAR_EGH_NA_NA_TH.A,thousands,,260.337677,284.042297,305.015686,305.354797,312.665497,314.521057,315.119049,319.137115,321.174683,326.260986,328.858521,333.425659,340.510681,348.964905,359.56424,369.301331,379.966309,390.71817,402.095032,407.895508,410.385315,411.369598,414.686218,419.773773,431.282867,434.782654,439.584503,443.747589,451.061951,2.00%
No Inflation Reduction Act,Light-Duty Vehicle Sales: Alternative-Fuel Cars: Electric-Gasoline Hybrid: No Inflation Reduction Act,AEO.2023.NOIRA.ECI_SAL_TRN_CAR_EGH_NA_NA_TH.A,thousands,,257.600464,282.497192,310.119751,308.892548,319.205872,321.775879,322.590637,329.001099,333.198151,340.036743,344.491547,348.90155,355.561676,361.960297,371.615356,380.074219,391.92038,402.952209,412.58725,419.003174,420.322296,422.916962,425.629303,431.234528,436.041046,439.446228,443.333282,448.339508,454.269531,2.00%
Natural Gas ICE,Light-Duty Vehicle Sales: Alternative-Fuel Cars: Natural Gas ICE,,thousands,,,,,,,,,,,,,,,,,,,,,,,,,,,,,,,
Reference case,Light-Duty Vehicle Sales: Alternative-Fuel Cars: Natural Gas ICE: Reference case,AEO.2023.REF2023.ECI_SAL_TRN_CAR_NGI_NA_NA_TH.A,thousands,,0.146399,0.183383,0.200849,0.198558,0.186651,0.177164,0.163342,0.156747,0.151381,0.147448,0.143647,0.140698,0.138933,0.137704,0.137941,0.138224,0.137926,0.137735,0.138627,0.13744,0.136663,0.135725,0.135739,0.136181,0.135285,0.136807,0.137497,0.137247,0.13896,-0.20%
No Inflation Reduction Act,Light-Duty Vehicle Sales: Alternative-Fuel Cars: Natural Gas ICE: No Inflation Reduction Act,AEO.2023.NOIRA.ECI_SAL_TRN_CAR_NGI_NA_NA_TH.A,thousands,,0.132982,0.177168,0.201396,0.205778,0.19354,0.183056,0.169961,0.163874,0.15866,0.155838,0.15284,0.149175,0.147039,0.144631,0.143488,0.143265,0.141535,0.13852,0.138926,0.137518,0.135829,0.135577,0.135765,0.13615,0.136953,0.137138,0.138105,0.139169,0.140916,0.20%
Natural Gas Bi-fuel,Light-Duty Vehicle Sales: Alternative-Fuel Cars: Natural Gas Bi-fuel,,thousands,,,,,,,,,,,,,,,,,,,,,,,,,,,,,,,
Reference case,Light-Duty Vehicle Sales: Alternative-Fuel Cars: Natural Gas Bi-fuel: Reference case,AEO.2023.REF2023.ECI_SAL_TRN_CAR_NBF_NA_NA_TH.A,thousands,,0.087725,0.095141,0.093187,0.084927,0.078189,0.074744,0.069276,0.067884,0.066099,0.064702,0.063482,0.062466,0.062052,0.062031,0.062623,0.06335,0.063626,0.064075,0.065117,0.065093,0.065226,0.0653,0.065858,0.066746,0.066167,0.068169,0.069236,0.069743,0.07142,-0.70%
No Inflation Reduction Act,Light-Duty Vehicle Sales: Alternative-Fuel Cars: Natural Gas Bi-fuel: No Inflation Reduction Act,AEO.2023.NOIRA.ECI_SAL_TRN_CAR_NBF_NA_NA_TH.A,thousands,,0.076997,0.090885,0.093224,0.087723,0.080215,0.076222,0.070874,0.069574,0.067964,0.067096,0.066141,0.065009,0.064517,0.064028,0.064,0.064518,0.063801,0.062656,0.063792,0.063794,0.063535,0.06402,0.064644,0.065396,0.066466,0.067286,0.068394,0.069624,0.070894,-0.30%
Propane ICE,Light-Duty Vehicle Sales: Alternative-Fuel Cars: Propane,,thousands,,,,,,,,,,,,,,,,,,,,,,,,,,,,,,,
Reference case,Light-Duty Vehicle Sales: Alternative-Fuel Cars: Propane: Reference case,AEO.2023.REF2023.ECI_SAL_TRN_CAR_PROP_NA_NA_TH.A,thousands,,0.039213,0.070762,0.075777,0.077415,0.072888,0.071434,0.067584,0.067595,0.066695,0.066094,0.065061,0.064701,0.064894,0.06594,0.067456,0.069923,0.071676,0.073866,0.076804,0.078645,0.080494,0.082783,0.085065,0.088678,0.091662,0.098857,0.102012,0.105752,0.110752,3.80%
No Inflation Reduction Act,Light-Duty Vehicle Sales: Alternative-Fuel Cars: Propane: No Inflation Reduction Act,AEO.2023.NOIRA.ECI_SAL_TRN_CAR_PROP_NA_NA_TH.A,thousands,,0.034801,0.067989,0.074521,0.081518,0.076252,0.073606,0.070108,0.069956,0.069173,0.06965,0.069474,0.069127,0.069671,0.070409,0.070556,0.072785,0.074363,0.075855,0.080043,0.08219,0.083741,0.086666,0.08979,0.092371,0.095577,0.098693,0.102336,0.106258,0.110832,4.20%
Propane Bi-fuel,Light-Duty Vehicle Sales: Alternative-Fuel Cars: Propane,,thousands,,,,,,,,,,,,,,,,,,,,,,,,,,,,,,,
Reference case,Light-Duty Vehicle Sales: Alternative-Fuel Cars: Propane: Reference case,AEO.2023.REF2023.ECI_SAL_TRN_CAR_PBF_NA_NA_TH.A,thousands,,0.02817,0.029278,0.029669,0.028217,0.026742,0.025812,0.024267,0.023708,0.022952,0.022303,0.021676,0.021156,0.020836,0.020713,0.020821,0.020957,0.020978,0.021166,0.021319,0.021262,0.021253,0.02125,0.021383,0.021657,0.022249,0.022819,0.023054,0.023292,0.023814,-0.60%
No Inflation Reduction Act,Light-Duty Vehicle Sales: Alternative-Fuel Cars: Propane: No Inflation Reduction Act,AEO.2023.NOIRA.ECI_SAL_TRN_CAR_PBF_NA_NA_TH.A,thousands,,0.025812,0.028387,0.029895,0.029168,0.027597,0.026327,0.024726,0.02417,0.023538,0.023104,0.022652,0.022145,0.02189,0.021604,0.021461,0.021461,0.021502,0.021555,0.021837,0.021902,0.021843,0.022001,0.022113,0.022296,0.022501,0.022653,0.022899,0.023239,0.023611,-0.30%
Fuel Cell Methanol,Light-Duty Vehicle Sales: Alternative-Fuel Cars: Fuel Cell Methanol,,thousands,,,,,,,,,,,,,,,,,,,,,,,,,,,,,,,
Reference case,Light-Duty Vehicle Sales: Alternative-Fuel Cars: Fuel Cell Methanol: Reference case,AEO.2023.REF2023.ECI_SAL_TRN_CAR_FCLMTH_NA_NA_TH.A,thousands,,0,0,0,0,0,0,0,0,0,0,0,0,0,0,0,0,0,0,0,0,0,0,0,0,0,0,0,0,0,- -
No Inflation Reduction Act,Light-Duty Vehicle Sales: Alternative-Fuel Cars: Fuel Cell Methanol: No Inflation Reduction Act,AEO.2023.NOIRA.ECI_SAL_TRN_CAR_FCLMTH_NA_NA_TH.A,thousands,,0,0,0,0,0,0,0,0,0,0,0,0,0,0,0,0,0,0,0,0,0,0,0,0,0,0,0,0,0,- -
Fuel Cell Hydrogen,Light-Duty Vehicle Sales: Alternative-Fuel cars: Fuel Cell Hydrogen,,thousands,,,,,,,,,,,,,,,,,,,,,,,,,,,,,,,
Reference case,Light-Duty Vehicle Sales: Alternative-Fuel cars: Fuel Cell Hydrogen: Reference case,AEO.2023.REF2023.ECI_SAL_TRN_CAR_FCH_NA_NA_TH.A,thousands,,2.513924,2.535683,2.205547,2.032404,2.150182,2.334547,2.652487,2.848636,3.033845,3.178826,3.300967,3.412798,3.530252,3.653536,3.762976,3.844536,3.794963,3.754133,3.714303,3.654188,3.592638,3.529311,3.473919,3.456718,3.559974,3.692213,3.675508,3.682783,3.687976,1.40%
No Inflation Reduction Act,Light-Duty Vehicle Sales: Alternative-Fuel cars: Fuel Cell Hydrogen: No Inflation Reduction Act,AEO.2023.NOIRA.ECI_SAL_TRN_CAR_FCH_NA_NA_TH.A,thousands,,2.411705,2.458479,2.184494,2.050619,2.190323,2.416427,2.749831,2.989737,3.206345,3.38031,3.524908,3.630738,3.734694,3.82066,3.89569,3.955621,3.942699,4.0485,4.108985,4.05322,3.979618,3.924394,3.871792,3.842507,3.810428,3.768568,3.732509,3.71306,3.714217,1.60%
Total Alternative Cars,Light-Duty Vehicle Sales: Alternative-Fuel Cars: Total,,thousands,,,,,,,,,,,,,,,,,,,,,,,,,,,,,,,
Reference case,Light-Duty Vehicle Sales: Alternative-Fuel Cars: Total: Reference case,AEO.2023.REF2023.ECI_SAL_TRN_CAR_ALT_NA_NA_TH.A,thousands,,988.426086,1041.351074,1107.665771,1186.097534,1276.810303,1357.597046,1434.106445,1532.047607,1599.092896,1633.401001,1681.364014,1707.48291,1741.088135,1779.254761,1820.685547,1841.39624,1863.124268,1883.948975,1893.834717,1904.957642,1915.596069,1912.700562,1919.696777,1931.516724,2012.496704,2009.504883,2020.958008,2038.940552,2064.489746,2.70%
No Inflation Reduction Act,Light-Duty Vehicle Sales: Alternative-Fuel Cars: Total: No Inflation Reduction Act,AEO.2023.NOIRA.ECI_SAL_TRN_CAR_ALT_NA_NA_TH.A,thousands,,952.434265,984.717163,1040.258911,1076.21875,1126.802612,1190.129028,1242.472778,1321.487305,1381.134033,1412.124023,1457.744629,1502.860107,1556.261963,1607.017822,1669.871338,1714.750488,1776.310913,1849.828735,1877.408691,1899.63916,1921.357544,1935.795776,1934.11145,1955.226807,1969.720703,1972.408936,1977.767456,1991.783813,2014.735962,2.70%
Percent Alternative Car Sales,Light-Duty Vehicle Sales: Percent Alternative Car,,percent,,,,,,,,,,,,,,,,,,,,,,,,,,,,,,,
Reference case,Light-Duty Vehicle Sales: Percent Alternative Car: Reference case,AEO.2023.REF2023.ECI_SAL_TRN_CAR_ALT_NA_NA_PCT.A,percent,,18.828335,19.999586,20.952251,22.964746,24.879736,26.789167,28.891081,30.841034,32.414124,33.347157,34.403534,35.136612,35.812752,36.460148,36.943459,37.237282,37.497147,37.769501,37.822399,38.141563,38.447823,38.660847,38.857265,39.018814,40.030228,40.118565,40.296829,40.662064,40.88002,2.80%
No Inflation Reduction Act,Light-Duty Vehicle Sales: Percent Alternative Car: No Inflation Reduction Act,AEO.2023.NOIRA.ECI_SAL_TRN_CAR_ALT_NA_NA_PCT.A,percent,,18.137486,19.005491,19.581398,20.958679,22.027174,23.609165,25.271936,26.857862,28.213039,29.020876,29.96174,31.015366,32.060452,33.062271,34.003403,34.753601,35.664524,36.891167,37.348831,37.813713,38.37075,38.739849,38.8685,39.111382,39.321194,39.456802,39.593693,39.791496,40.088741,2.90%
Total New Car Sales,Light-Duty Vehicle Sales: Total New Car,,thousands,,,,,,,,,,,,,,,,,,,,,,,,,,,,,,,
Reference case,Light-Duty Vehicle Sales: Total New Car: Reference case,AEO.2023.REF2023.ECI_SAL_TRN_CAR_TOT_NA_NA_TH.A,thousands,,5249.67334,5206.863281,5286.619141,5164.862305,5131.928711,5067.708984,4963.837891,4967.5625,4933.321289,4898.171875,4887.184082,4859.554688,4861.642578,4879.999023,4928.302734,4945.03418,4968.709473,4988.016602,5007.177734,4994.44043,4982.32666,4947.383789,4940.380371,4950.219238,5027.442871,5008.915527,5015.178711,5014.355957,5050.119141,-0.10%
No Inflation Reduction Act,Light-Duty Vehicle Sales: Total New Car: No Inflation Reduction Act,AEO.2023.NOIRA.ECI_SAL_TRN_CAR_TOT_NA_NA_TH.A,thousands,,5251.192383,5181.224609,5312.485352,5134.955078,5115.511719,5040.961914,4916.413086,4920.299805,4895.375,4865.890625,4865.353516,4845.53418,4854.148438,4860.579102,4910.894531,4934.022461,4980.610352,5014.286133,5026.686523,5023.677734,5007.349121,4996.911133,4976.038574,4999.125,5009.310547,4998.907227,4995.157715,5005.551758,5025.689941,-0.20%
New Light Truck Sales,,,,,,,,,,,,,,,,,,,,,,,,,,,,,,,,,,
Conventional Light Trucks,,,,,,,,,,,,,,,,,,,,,,,,,,,,,,,,,,
Gasoline ICE Vehicles,Light-Duty Vehicle Sales: Conventional Light Trucks: Gasoline,,thousands,,,,,,,,,,,,,,,,,,,,,,,,,,,,,,,
Reference case,Light-Duty Vehicle Sales: Conventional Light Trucks: Gasoline: Reference case,AEO.2023.REF2023.ECI_SAL_TRN_LTK_GSL_NA_NA_TH.A,thousands,,7718.414062,7976.056152,8178.658691,8324.095703,8312.162109,8184.325195,8008.788086,7936.472656,7809.103516,7739.407715,7655.82373,7585.770996,7563.613281,7587.863281,7623.131836,7679.598633,7751.085938,7811.033691,7906.654785,7946.823242,7985.96582,8036.362793,8071.816406,8159.973145,8158.438477,8218.504883,8237.900391,8299.177734,8371.828125,0.30%
No Inflation Reduction Act,Light-Duty Vehicle Sales: Conventional Light Trucks: Gasoline: No Inflation Reduction Act,AEO.2023.NOIRA.ECI_SAL_TRN_LTK_GSL_NA_NA_TH.A,thousands,,7773.739746,8044.875,8185.625,8400.161133,8495.794922,8375.211914,8230.776367,8193.608398,8062.203613,8008.32959,7943.736816,7858.287109,7840.610352,7871.722168,7868.277344,7903.689941,7948.547852,7925.896484,8006.677734,8050.968262,8033.618164,8058.150391,8117.923828,8191.620117,8255.947266,8287.959961,8328.029297,8366.779297,8424.625977,0.30%
TDI Diesel ICE,Light-Duty Vehicle Sales: Conventional Light Trucks: TDI Diesel,,thousands,,,,,,,,,,,,,,,,,,,,,,,,,,,,,,,
Reference case,Light-Duty Vehicle Sales: Conventional Light Trucks: TDI Diesel: Reference case,AEO.2023.REF2023.ECI_SAL_TRN_LTK_DSL_NA_NA_TH.A,thousands,,83.79631,97.011642,104.512894,110.154182,114.373528,118.141678,124.906181,122.077034,119.387611,116.274109,115.159111,113.840157,114.572609,114.764709,118.359932,119.838356,122.006264,125.28846,127.723068,128.041153,130.172073,130.01268,132.683609,134.548508,137.041458,138.32457,141.15596,143.107712,147.292938,2.00%
No Inflation Reduction Act,Light-Duty Vehicle Sales: Conventional Light Trucks: TDI Diesel: No Inflation Reduction Act,AEO.2023.NOIRA.ECI_SAL_TRN_LTK_DSL_NA_NA_TH.A,thousands,,73.765541,89.447273,102.242691,105.72226,113.281128,117.768143,124.667473,123.071594,121.554268,119.516571,118.370224,117.119453,117.962044,117.65683,120.84977,122.75737,124.055901,126.473755,128.0737,129.249329,131.69751,132.859161,133.112305,135.325699,136.526627,138.352676,140.366119,143.11998,145.445618,2.50%
Total Conventional Light Trucks,Light-Duty Vehicle Sales: Conventional Light Trucks: Total,,thousands,,,,,,,,,,,,,,,,,,,,,,,,,,,,,,,
Reference case,Light-Duty Vehicle Sales: Conventional Light Trucks: Total: Reference case,AEO.2023.REF2023.ECI_SAL_TRN_LTK_CNV_NA_NA_TH.A,thousands,,7802.210449,8073.067871,8283.171875,8434.25,8426.535156,8302.466797,8133.694336,8058.549805,7928.491211,7855.681641,7770.98291,7699.611328,7678.186035,7702.62793,7741.491699,7799.437012,7873.092285,7936.322266,8034.37793,8074.864258,8116.137695,8166.375488,8204.5,8294.521484,8295.479492,8356.829102,8379.056641,8442.285156,8519.121094,0.30%
No Inflation Reduction Act,Light-Duty Vehicle Sales: Conventional Light Trucks: Total: No Inflation Reduction Act,AEO.2023.NOIRA.ECI_SAL_TRN_LTK_CNV_NA_NA_TH.A,thousands,,7847.505371,8134.322266,8287.868164,8505.883789,8609.076172,8492.980469,8355.443359,8316.679688,8183.757812,8127.846191,8062.106934,7975.406738,7958.572266,7989.378906,7989.126953,8026.447266,8072.603516,8052.370117,8134.751465,8180.217773,8165.31543,8191.009766,8251.036133,8326.946289,8392.473633,8426.3125,8468.395508,8509.899414,8570.071289,0.30%
Alternative-Fuel Light Trucks,,,,,,,,,,,,,,,,,,,,,,,,,,,,,,,,,,
Ethanol-Flex Fuel ICE,Light-Duty Vehicle Sales: Alternative-Fuel Light Trucks: Ethanol-Flex Fuel ICE,,thousands,,,,,,,,,,,,,,,,,,,,,,,,,,,,,,,
Reference case,Light-Duty Vehicle Sales: Alternative-Fuel Light Trucks: Ethanol-Flex Fuel ICE: Reference case,AEO.2023.REF2023.ECI_SAL_TRN_LTK_EFFI_NA_NA_TH.A,thousands,,496.09198,511.80542,525.080688,533.735962,531.961182,523.358765,512.091675,506.89328,498.47525,494.26181,489.270386,485.243866,484.21994,486.109985,488.819824,493.038818,498.321777,502.714172,509.589325,512.665283,515.738464,519.523865,522.400574,528.819519,530.462585,535.026733,536.819336,541.398621,546.698425,0.30%
No Inflation Reduction Act,Light-Duty Vehicle Sales: Alternative-Fuel Light Trucks: Ethanol-Flex Fuel ICE: No Inflation Reduction Act,AEO.2023.NOIRA.ECI_SAL_TRN_LTK_EFFI_NA_NA_TH.A,thousands,,499.027588,515.892517,526.023865,539.480469,545.225159,537.437317,528.385925,525.835938,517.390076,514.262085,510.560211,505.529938,504.800751,507.11911,507.263733,509.88681,513.556458,513.046021,518.678162,521.956543,521.383118,523.317261,527.70813,533.156982,537.998413,540.646118,543.842834,546.922852,551.549377,0.40%
100-Mile Electric Vehicle,Light-Duty Vehicle Sales: Alternative-Fuel Light Trucks: 100-Mile Electric Vehicle,,thousands,,,,,,,,,,,,,,,,,,,,,,,,,,,,,,,
Reference case,Light-Duty Vehicle Sales: Alternative-Fuel Light Trucks: 100-Mile Electric Vehicle: Reference case,AEO.2023.REF2023.#N/A.A,thousands,,0.077187,0.076893,0.07708,0.076725,0.074614,0.071291,0.067977,0.065073,0.061625,0.058332,0.055036,0.051793,0.048852,0.046172,0.043459,0.040714,0.037982,0.035139,0.0323,0.029246,0.026166,0.02305,0.019861,0.016736,0.013458,0.010167,0.006801,0.00343,0,- -
No Inflation Reduction Act,Light-Duty Vehicle Sales: Alternative-Fuel Light Trucks: 100-Mile Electric Vehicle: No Inflation Reduction Act,AEO.2023.NOIRA.#N/A.A,thousands,,0.07751,0.077183,0.076704,0.07655,0.075032,0.071549,0.068172,0.065369,0.061741,0.058476,0.055217,0.051942,0.049105,0.046519,0.043704,0.040952,0.038201,0.035172,0.032363,0.029346,0.026121,0.022966,0.019822,0.016687,0.013465,0.010143,0.006799,0.00342,0,- -
200-Mile Electric Vehicle,Light-Duty Vehicle Sales: Alternative-Fuel Light Trucks: 200-Mile Electric Vehicle,,thousands,,,,,,,,,,,,,,,,,,,,,,,,,,,,,,,
Reference case,Light-Duty Vehicle Sales: Alternative-Fuel Light Trucks: 200-Mile Electric Vehicle: Reference case,AEO.2023.REF2023.#N/A.A,thousands,,14.989253,24.984642,33.823677,41.954479,46.959049,49.92524,52.3078,55.462559,55.55162,54.22916,54.338814,54.775169,56.121655,58.310104,60.51656,63.42704,66.999161,70.903305,75.275932,79.499809,83.909897,88.457382,92.969727,98.143944,102.85994,107.839424,112.455429,117.73085,123.219986,7.80%
No Inflation Reduction Act,Light-Duty Vehicle Sales: Alternative-Fuel Light Trucks: 200-Mile Electric Vehicle: No Inflation Reduction Act,AEO.2023.NOIRA.#N/A.A,thousands,,14.5048,23.773365,31.687803,38.471661,42.839165,45.769863,47.872269,50.976063,51.409237,50.964424,51.73336,52.916962,54.940269,57.680866,60.182117,63.388855,67.15641,70.882439,75.40062,79.780594,83.797661,88.182426,92.85157,97.925049,102.950356,107.622604,112.458214,117.404938,122.70208,7.90%
300-Mile Electric Vehicle,Light-Duty Vehicle Sales: Alternative-Fuel Light Trucks: 300-Mile Electric Vehicle,,thousands,,,,,,,,,,,,,,,,,,,,,,,,,,,,,,,
Reference case,Light-Duty Vehicle Sales: Alternative-Fuel Light Trucks: 300-Mile Electric Vehicle: Reference case,AEO.2023.REF2023.#N/A.A,thousands,,89.423019,95.979759,137.295303,204.398163,278.609344,352.907074,436.240784,523.201233,587.109314,617.102966,650.985046,672.196716,693.563477,716.883789,737.481689,749.212891,759.660767,769.146973,772.27594,779.064026,788.886292,794.374329,799.815369,807.763,836.591736,841.227417,845.406555,857.546448,870.356201,8.50%
No Inflation Reduction Act,Light-Duty Vehicle Sales: Alternative-Fuel Light Trucks: 300-Mile Electric Vehicle: No Inflation Reduction Act,AEO.2023.NOIRA.#N/A.A,thousands,,84.870193,88.044678,122.934845,174.767181,229.395096,285.830109,345.031097,408.70993,453.980988,474.207428,498.642212,523.48175,551.756714,581.492432,611.464294,636.400208,662.755066,694.265503,712.577942,724.928467,739.538025,750.729614,753.378113,763.605835,772.578857,776.294312,780.883484,788.957825,800.946655,8.30%
Plug-in 20 Gasoline Hybrid,Light-Duty Vehicle Sales: Alternative-Fuel Light Trucks: Plug-in 20 Gasoline Hybrid,,thousands,,,,,,,,,,,,,,,,,,,,,,,,,,,,,,,
Reference case,Light-Duty Vehicle Sales: Alternative-Fuel Light Trucks: Plug-in 20 Gasoline Hybrid: Reference case,AEO.2023.REF2023.ECI_SAL_TRN_LTK_PI20GH_NA_NA_TH.A,thousands,,82.970924,107.708778,128.516296,142.600708,154.154236,157.871643,161.474884,163.572632,161.113663,162.238098,162.21965,162.2836,163.33992,165.384216,165.637405,165.644073,166.234192,166.505203,166.314209,167.088547,168.055557,169.019577,169.478851,170.779099,171.183273,171.671875,171.751328,172.249588,173.642334,2.70%
No Inflation Reduction Act,Light-Duty Vehicle Sales: Alternative-Fuel Light Trucks: Plug-in 20 Gasoline Hybrid: No Inflation Reduction Act,AEO.2023.NOIRA.ECI_SAL_TRN_LTK_PI20GH_NA_NA_TH.A,thousands,,81.496101,102.981224,117.983849,128.369827,136.082169,138.740448,142.711929,145.307129,143.117035,144.218842,144.594833,147.096588,150.961136,155.775833,158.16893,160.257339,162.598526,163.849258,165.259308,166.107483,166.143768,166.585785,167.0849,168.30928,169.333832,169.556976,170.065933,170.727722,171.918686,2.70%
Plug-in 50 Gasoline Hybrid,Light-Duty Vehicle Sales: Alternative-Fuel Light Trucks: Plug-in 50 Gasoline Hybrid,,thousands,,,,,,,,,,,,,,,,,,,,,,,,,,,,,,,
Reference case,Light-Duty Vehicle Sales: Alternative-Fuel Light Trucks: Plug-in 50 Gasoline Hybrid: Reference case,AEO.2023.REF2023.ECI_SAL_TRN_LTK_PI50GH_NA_NA_TH.A,thousands,,68.969536,79.119476,110.654877,144.590363,171.25296,193.078262,215.177536,233.306076,248.405014,254.724182,263.446747,273.305756,284.747162,297.414612,306.603485,313.183289,319.217224,324.22049,326.173676,329.350006,333.164825,335.915588,337.584625,340.888489,347.529236,349.735077,350.512146,353.205231,356.986542,6.00%
No Inflation Reduction Act,Light-Duty Vehicle Sales: Alternative-Fuel Light Trucks: Plug-in 50 Gasoline Hybrid: No Inflation Reduction Act,AEO.2023.NOIRA.ECI_SAL_TRN_LTK_PI50GH_NA_NA_TH.A,thousands,,65.830872,72.650459,98.474159,124.401581,138.528412,153.857971,171.652145,186.677979,198.143127,202.795822,209.936371,222.145096,237.00589,252.988937,266.28595,278.01474,289.443726,300.95105,308.940674,314.132935,318.760071,322.882751,324.316986,327.876312,330.869049,331.942963,333.34314,335.678009,339.16153,6.00%
Electric-Diesel Hybrid,Light-Duty Vehicle Sales: Alternative-Fuel Light Trucks: Electric-Diesel Hybrid,,thousands,,,,,,,,,,,,,,,,,,,,,,,,,,,,,,,
Reference case,Light-Duty Vehicle Sales: Alternative-Fuel Light Trucks: Electric-Diesel Hybrid: Reference case,AEO.2023.REF2023.ECI_SAL_TRN_LTK_EDH_NA_NA_TH.A,thousands,,0,0,0,0,0,0,0,0,0,0,0,0,0,0,0,0,0,0,0,0,0,0,0,0,0,0,0,0,0,- -
No Inflation Reduction Act,Light-Duty Vehicle Sales: Alternative-Fuel Light Trucks: Electric-Diesel Hybrid: No Inflation Reduction Act,AEO.2023.NOIRA.ECI_SAL_TRN_LTK_EDH_NA_NA_TH.A,thousands,,0,0,0,0,0,0,0,0,0,0,0,0,0,0,0,0,0,0,0,0,0,0,0,0,0,0,0,0,0,- -
Electric-Gasoline Hybrid,Light-Duty Vehicle Sales: Alternative-Fuel Light Trucks: Electric-Gasoline Hybrid,,thousands,,,,,,,,,,,,,,,,,,,,,,,,,,,,,,,
Reference case,Light-Duty Vehicle Sales: Alternative-Fuel Light Trucks: Electric-Gasoline Hybrid: Reference case,AEO.2023.REF2023.ECI_SAL_TRN_LTK_EGH_NA_NA_TH.A,thousands,,424.144592,462.089203,517.819763,559.905884,591.007568,611.310974,633.682922,651.166748,659.717896,665.918335,671.360352,679.893066,692.942688,709.723572,722.40863,732.501282,743.161072,752.421387,759.00293,765.163391,772.05481,777.880859,782.247131,790.695068,799.918274,804.863464,807.478577,813.304382,822.030884,2.40%
No Inflation Reduction Act,Light-Duty Vehicle Sales: Alternative-Fuel Light Trucks: Electric-Gasoline Hybrid: No Inflation Reduction Act,AEO.2023.NOIRA.ECI_SAL_TRN_LTK_EGH_NA_NA_TH.A,thousands,,416.659943,452.326416,501.3461,534.201782,553.762939,567.660767,585.87323,602.021423,607.235168,612.223755,616.728516,628.052917,645.946655,667.703857,685.486389,701.451111,717.732605,731.623352,744.339844,752.772339,758.030823,764.077515,768.343567,776.590332,783.62146,786.994934,791.1203,796.510742,803.911438,2.40%
Natural Gas ICE,Light-Duty Vehicle Sales: Alternative-Fuel Light Trucks: Natural Gas ICE,,thousands,,,,,,,,,,,,,,,,,,,,,,,,,,,,,,,
Reference case,Light-Duty Vehicle Sales: Alternative-Fuel Light Trucks: Natural Gas ICE: Reference case,AEO.2023.REF2023.ECI_SAL_TRN_LTK_NGI_NA_NA_TH.A,thousands,,0.215352,0.252678,0.313588,0.320946,0.320941,0.316941,0.30403,0.297776,0.291906,0.288024,0.286366,0.282914,0.283709,0.283236,0.287416,0.287903,0.289031,0.291322,0.294761,0.294548,0.296337,0.296678,0.301666,0.303927,0.30986,0.313143,0.318706,0.320207,0.327333,1.50%
No Inflation Reduction Act,Light-Duty Vehicle Sales: Alternative-Fuel Light Trucks: Natural Gas ICE: No Inflation Reduction Act,AEO.2023.NOIRA.ECI_SAL_TRN_LTK_NGI_NA_NA_TH.A,thousands,,0.197641,0.238667,0.312852,0.314854,0.312995,0.309821,0.296991,0.291284,0.285632,0.281791,0.280997,0.27765,0.279184,0.27852,0.28385,0.284743,0.286321,0.287128,0.290652,0.290745,0.291651,0.293532,0.29586,0.300548,0.304992,0.30775,0.313255,0.31881,0.325578,1.80%
Natural Gas Bi-fuel,Light-Duty Vehicle Sales: Alternative-Fuel Light Trucks: Natural Gas Bi-fuel,,thousands,,,,,,,,,,,,,,,,,,,,,,,,,,,,,,,
Reference case,Light-Duty Vehicle Sales: Alternative-Fuel Light Trucks: Natural Gas Bi-fuel: Reference case,AEO.2023.REF2023.ECI_SAL_TRN_LTK_NBF_NA_NA_TH.A,thousands,,0.034557,0.031775,0.03444,0.031509,0.032267,0.032687,0.032471,0.033,0.03299,0.032898,0.033195,0.033092,0.033482,0.033802,0.035119,0.035742,0.036436,0.037571,0.038518,0.039037,0.039993,0.040622,0.042218,0.043353,0.044456,0.045654,0.047684,0.048919,0.051342,1.40%
No Inflation Reduction Act,Light-Duty Vehicle Sales: Alternative-Fuel Light Trucks: Natural Gas Bi-fuel: No Inflation Reduction Act,AEO.2023.NOIRA.ECI_SAL_TRN_LTK_NBF_NA_NA_TH.A,thousands,,0.028858,0.028945,0.034523,0.03034,0.03071,0.030948,0.030418,0.030965,0.031164,0.031104,0.031506,0.031717,0.032286,0.032469,0.034084,0.034745,0.035029,0.035424,0.03633,0.037041,0.038029,0.039024,0.039758,0.041262,0.042805,0.044199,0.045875,0.047887,0.049587,2.00%
Propane ICE,Light-Duty Vehicle Sales: Alternative-Fuel Light Trucks: Propane ICE,,thousands,,,,,,,,,,,,,,,,,,,,,,,,,,,,,,,
Reference case,Light-Duty Vehicle Sales: Alternative-Fuel Light Trucks: Propane ICE: Reference case,AEO.2023.REF2023.ECI_SAL_TRN_LTK_PROP_NA_NA_TH.A,thousands,,0.416727,0.623916,0.726524,0.756413,0.78299,0.81542,0.815279,0.841827,0.844489,0.847533,0.852069,0.852639,0.86739,0.887995,0.925341,0.957245,0.988141,1.031999,1.073284,1.106222,1.149462,1.193081,1.255312,1.317035,1.407207,1.472116,1.544786,1.616372,1.723229,5.20%
No Inflation Reduction Act,Light-Duty Vehicle Sales: Alternative-Fuel Light Trucks: Propane ICE: No Inflation Reduction Act,AEO.2023.NOIRA.ECI_SAL_TRN_LTK_PROP_NA_NA_TH.A,thousands,,0.384287,0.590648,0.72063,0.743549,0.76223,0.786152,0.780465,0.803562,0.809697,0.818274,0.828838,0.837085,0.863436,0.884129,0.921303,0.950745,0.987446,1.02171,1.066857,1.110647,1.156328,1.210722,1.25782,1.318433,1.379605,1.440542,1.510651,1.594451,1.676459,5.40%
Propane Bi-fuel,Light-Duty Vehicle Sales: Alternative-Fuel Light Trucks: Propane Bi-fuel,,thousands,,,,,,,,,,,,,,,,,,,,,,,,,,,,,,,
Reference case,Light-Duty Vehicle Sales: Alternative-Fuel Light Trucks: Propane Bi-fuel: Reference case,AEO.2023.REF2023.ECI_SAL_TRN_LTK_PBF_NA_NA_TH.A,thousands,,0.006106,0.005803,0.006646,0.006604,0.006924,0.007083,0.006968,0.006992,0.006829,0.006657,0.006498,0.006315,0.00624,0.006236,0.006372,0.006423,0.006447,0.006605,0.006669,0.006693,0.006795,0.006879,0.007097,0.007269,0.00777,0.007907,0.008129,0.008322,0.008717,1.30%
No Inflation Reduction Act,Light-Duty Vehicle Sales: Alternative-Fuel Light Trucks: Propane Bi-fuel: No Inflation Reduction Act,AEO.2023.NOIRA.ECI_SAL_TRN_LTK_PBF_NA_NA_TH.A,thousands,,0.005392,0.005385,0.00663,0.00638,0.006599,0.0066,0.006397,0.006417,0.006335,0.006248,0.006178,0.0061,0.006143,0.006129,0.006273,0.0063,0.006412,0.006556,0.00667,0.006797,0.006927,0.007095,0.007178,0.007359,0.00751,0.007651,0.007845,0.008117,0.00834,1.60%
Fuel Cell Methanol,Light-Duty Vehicle Sales: Alternative-Fuel Light Trucks: Fuel Cell Methanol,,thousands,,,,,,,,,,,,,,,,,,,,,,,,,,,,,,,
Reference case,Light-Duty Vehicle Sales: Alternative-Fuel Light Trucks: Fuel Cell Methanol: Reference case,AEO.2023.REF2023.ECI_SAL_TRN_LTK_FCLMTH_NA_NA_TH.A,thousands,,0,0,0,0,0,0,0,0,0,0,0,0,0,0,0,0,0,0,0,0,0,0,0,0,0,0,0,0,0,- -
No Inflation Reduction Act,Light-Duty Vehicle Sales: Alternative-Fuel Light Trucks: Fuel Cell Methanol: No Inflation Reduction Act,AEO.2023.NOIRA.ECI_SAL_TRN_LTK_FCLMTH_NA_NA_TH.A,thousands,,0,0,0,0,0,0,0,0,0,0,0,0,0,0,0,0,0,0,0,0,0,0,0,0,0,0,0,0,0,- -
Fuel Cell Hydrogen,Light-Duty Vehicle Sales: Alternative-Fuel Light Trucks: Fuel Cell Hydrogen,,thousands,,,,,,,,,,,,,,,,,,,,,,,,,,,,,,,
Reference case,Light-Duty Vehicle Sales: Alternative-Fuel Light Trucks: Fuel Cell Hydrogen: Reference case,AEO.2023.REF2023.ECI_SAL_TRN_LTK_FCH_NA_NA_TH.A,thousands,,0.002034,0.004225,0.006628,0.00918,0.011653,0.013968,0.016271,0.018672,0.020911,0.023173,0.025411,0.027647,0.030044,0.032647,0.035303,0.038024,0.040864,0.043703,0.046681,0.049475,0.052331,0.055236,0.058096,0.061352,0.064302,0.067422,0.070311,0.073611,0.077048,13.90%
No Inflation Reduction Act,Light-Duty Vehicle Sales: Alternative-Fuel Light Trucks: Fuel Cell Hydrogen: No Inflation Reduction Act,AEO.2023.NOIRA.ECI_SAL_TRN_LTK_FCH_NA_NA_TH.A,thousands,,0.002042,0.00424,0.006595,0.009159,0.011719,0.01402,0.016319,0.01876,0.020953,0.023234,0.025498,0.027731,0.030204,0.032898,0.035508,0.038251,0.041106,0.043756,0.046786,0.049659,0.052257,0.055053,0.058004,0.061193,0.064346,0.067273,0.070299,0.073396,0.07671,13.80%
Total Alternative Light Trucks,Light-Duty Vehicle Sales: Alternative-Fuel Light Trucks: Total,,thousands,,,,,,,,,,,,,,,,,,,,,,,,,,,,,,,
Reference case,Light-Duty Vehicle Sales: Alternative-Fuel Light Trucks: Total: Reference case,AEO.2023.REF2023.ECI_SAL_TRN_LTK_ALT_NA_NA_TH.A,thousands,,1177.341309,1282.682617,1454.355469,1628.386841,1775.173584,1889.709351,2012.218628,2134.865479,2211.631592,2249.731201,2292.879639,2328.952637,2376.204346,2435.116211,2482.800537,2518.373535,2554.99292,2587.358154,2610.124268,2634.356201,2663.381104,2686.787109,2706.18042,2738.838623,2790.39209,2812.280273,2826.419922,2857.506104,2895.12207,3.30%
No Inflation Reduction Act,Light-Duty Vehicle Sales: Alternative-Fuel Light Trucks: Total: No Inflation Reduction Act,AEO.2023.NOIRA.ECI_SAL_TRN_LTK_ALT_NA_NA_TH.A,thousands,,1163.085205,1256.61377,1399.608521,1540.873413,1647.032227,1730.515503,1822.725464,1920.744995,1972.491211,1999.891357,2033.423828,2080.455566,2146.671875,2224.041748,2290.176025,2350.755127,2414.637207,2476.047119,2526.676514,2561.202393,2589.224854,2617.403564,2635.361816,2669.209229,2699.165039,2714.935547,2733.668457,2758.248047,2792.326416,3.20%
Percent Alternative Light Truck Sales,Light-Duty Vehicle Sales: Percent Alternative Light Truck Sales,,percent,,,,,,,,,,,,,,,,,,,,,,,,,,,,,,,
Reference case,Light-Duty Vehicle Sales: Percent Alternative Light Truck Sales: Reference case,AEO.2023.REF2023.ECI_SAL_TRN_LTK_ALT_NA_NA_PCT.A,percent,,13.111359,13.710099,14.935573,16.182507,17.400747,18.540785,19.8328,20.943575,21.810699,22.262634,22.783297,23.22319,23.633499,24.020296,24.28335,24.408024,24.501076,24.586058,24.520868,24.598953,24.707792,24.7558,24.80304,24.82325,25.170708,25.17909,25.223558,25.288132,25.364119,2.40%
No Inflation Reduction Act,Light-Duty Vehicle Sales: Percent Alternative Light Truck Sales: No Inflation Reduction Act,AEO.2023.NOIRA.ECI_SAL_TRN_LTK_ALT_NA_NA_PCT.A,percent,,12.907979,13.381136,14.447607,15.337023,16.059036,16.926846,17.908186,18.761993,19.421453,19.746675,20.141821,20.688982,21.243147,21.775679,22.279488,22.653072,23.024525,23.517754,23.699232,23.84417,24.075645,24.216354,24.20784,24.274023,24.335133,24.368324,24.403255,24.478275,24.575151,2.30%
Total New Light Truck Sales,Light-Duty Vehicle Sales: Total New Truck,,thousands,,,,,,,,,,,,,,,,,,,,,,,,,,,,,,,
Reference case,Light-Duty Vehicle Sales: Total New Truck: Reference case,AEO.2023.REF2023.ECI_SAL_TRN_LTK_NA_NA_NA_TH.A,thousands,,8979.551758,9355.75,9737.527344,10062.63672,10201.70898,10192.17578,10145.91309,10193.41504,10140.12305,10105.41309,10063.86231,10028.56445,10054.39063,10137.74414,10224.29199,10317.81055,10428.08496,10523.68066,10644.50195,10709.2207,10779.51856,10853.16211,10910.68066,11033.36035,11085.87109,11169.10938,11205.47656,11299.79102,11414.24316,0.90%
No Inflation Reduction Act,Light-Duty Vehicle Sales: Total New Truck: No Inflation Reduction Act,AEO.2023.NOIRA.ECI_SAL_TRN_LTK_NA_NA_NA_TH.A,thousands,,9010.59082,9390.935547,9687.476562,10046.75684,10256.1084,10223.49609,10178.16895,10237.42481,10156.24902,10127.73731,10095.53125,10055.86231,10105.24414,10213.4209,10279.30273,10377.20215,10487.24023,10528.41699,10661.42773,10741.41992,10754.54004,10808.41309,10886.39844,10996.15527,11091.63867,11141.24805,11202.06445,11268.14746,11362.39746,0.80%
Percent Total Alternative Sales,Light-Duty Vehicle Sales: Percent Total Alternative Sales,,percent,,,,,,,,,,,,,,,,,,,,,,,,,,,,,,,
Reference case,Light-Duty Vehicle Sales: Percent Total Alternative Sales: Reference case,AEO.2023.REF2023.ECI_SAL_TRN_LDTY_ALT_NA_NA_PCT.A,percent,,15.220558,15.958905,17.052691,18.482906,19.903849,21.28002,22.808615,24.186523,25.281044,25.881363,26.581711,27.11179,27.603132,28.062614,28.400982,28.564596,28.695044,28.82539,28.776201,28.906082,29.051023,29.109678,29.183393,29.219711,29.806957,29.804533,29.883978,30.013493,30.123314,2.50%
No Inflation Reduction Act,Light-Duty Vehicle Sales: Percent Total Alternative Sales: No Inflation Reduction Act,AEO.2023.NOIRA.ECI_SAL_TRN_LDTY_ALT_NA_NA_PCT.A,percent,,14.833488,15.380907,16.265823,17.238449,18.04517,19.133629,20.30661,21.389967,22.280819,22.756437,23.33531,24.046846,24.753239,25.415016,26.069752,26.552448,27.094572,27.832199,28.072748,28.295681,28.617018,28.808012,28.806883,28.911261,28.99758,29.041508,29.087925,29.188398,29.332659,2.50%
EPACT Legislative  Alternative Sales,Light-Duty Vehicle Sales: EPACT Legislative Alternative Sales,,thousands,,,,,,,,,,,,,,,,,,,,,,,,,,,,,,,
Reference case,Light-Duty Vehicle Sales: EPACT Legislative Alternative Sales: Reference case,AEO.2023.REF2023.ECI_SAL_TRN_LDTY_EPACLEGI_NA_NA_TH.A,thousands,,61.643147,66.64344,71.765167,76.018135,79.154068,81.893272,84.514587,87.570221,90.242737,92.979439,95.834351,98.582092,101.860466,105.686386,109.808167,113.78994,117.945068,122.046692,126.277252,129.885193,133.522293,136.973389,140.538986,144.93956,149.456879,153.427322,157.137924,161.481613,165.932281,3.60%
No Inflation Reduction Act,Light-Duty Vehicle Sales: EPACT Legislative Alternative Sales: No Inflation Reduction Act,AEO.2023.NOIRA.ECI_SAL_TRN_LDTY_EPACLEGI_NA_NA_TH.A,thousands,,61.534393,66.549149,71.59156,75.715622,79.274643,81.888824,84.280655,87.390556,89.988846,92.814667,95.805275,98.589699,102.071472,105.951706,109.952332,114.029953,118.35984,122.288353,126.58432,130.41008,133.617523,137.164902,140.787811,145.194199,149.408813,153.031006,156.849014,160.909988,165.16655,3.60%
ZEVP Legislative Alternative Sales,Light-Duty Vehicle Sales: ZEVP Legislative Alternative Sales,,thousands,,,,,,,,,,,,,,,,,,,,,,,,,,,,,,,
Reference case,Light-Duty Vehicle Sales: ZEVP Legislative Alternative Sales: Reference case,AEO.2023.REF2023.ECI_SAL_TRN_LDTY_ZVPLG_NA_NA_TH.A,thousands,,0,0,0,0,0,0,0,0,0,0,0,0,0,0,0,0,0,0,0,0,0,0,0,0,0,0,0,0,0,- -
No Inflation Reduction Act,Light-Duty Vehicle Sales: ZEVP Legislative Alternative Sales: No Inflation Reduction Act,AEO.2023.NOIRA.ECI_SAL_TRN_LDTY_ZVPLG_NA_NA_TH.A,thousands,,0,0,0,0,0,0,0,0,0,0,0,0,0,0,0,0,0,0,0,0,0,0,0,0,0,0,0,0,0,- -
Total Sales, Cars and Light Trucks,,,,,,,,,,,,,,,,,,,,,,,,,,,,,,,,,
Conventional Gasoline,"Light-Duty Vehicle Sales: Total Sales, Cars and Light Trucks: Conventional Gasoline",,thousands,,,,,,,,,,,,,,,,,,,,,,,,,,,,,,,
Reference case,"Light-Duty Vehicle Sales: Total Sales, Cars and Light Trucks: Conventional Gasoline: Reference case",AEO.2023.REF2023.ECI_SAL_TRN_LDTY_CVG_NA_NA_TH.A,thousands,,11979.62305,12141.52539,12357.56641,12302.81543,12167.23633,11894.39258,11538.47266,11371.94141,11143.28809,11004.13477,10861.60059,10737.80176,10684.12695,10688.56641,10730.70703,10783.19336,10856.62891,10915.05762,11019.95313,11036.26172,11052.65137,11071.00098,11092.45508,11178.63086,11173.33887,11217.86914,11232.07422,11274.5459,11357.4082,-0.20%
No Inflation Reduction Act,"Light-Duty Vehicle Sales: Total Sales, Cars and Light Trucks: Conventional Gasoline: No Inflation Reduction Act",AEO.2023.NOIRA.ECI_SAL_TRN_LDTY_CVG_NA_NA_TH.A,thousands,,12072.46387,12241.34277,12457.80664,12458.85254,12484.46094,12226,11904.66895,11792.37402,11576.39746,11462.05078,11351.30078,11200.91699,11138.45215,11125.24023,11109.25684,11122.91797,11152.80371,11090.30957,11155.91016,11174.96094,11119.56445,11119.21875,11159.80566,11235.47168,11295.49023,11314.41113,11345.37305,11380.5,11435.53125,-0.20%
TDI Diesel,"Light-Duty Vehicle Sales: Total Sales, Cars and Light Trucks: TDI Diesel",,thousands,,,,,,,,,,,,,,,,,,,,,,,,,,,,,,,
Reference case,"Light-Duty Vehicle Sales: Total Sales, Cars and Light Trucks: TDI Diesel: Reference case",AEO.2023.REF2023.ECI_SAL_TRN_LDTY_TDS_NA_NA_TH.A,thousands,,83.834328,97.054825,104.558243,110.199501,114.417595,118.185852,124.953514,122.122925,119.43222,116.317444,115.201591,113.881645,114.614082,114.805977,118.402161,119.880936,122.049355,125.332413,127.76767,128.085617,130.216843,130.056961,132.728317,134.593536,137.087372,138.370926,141.203033,143.155441,147.341827,2.00%
No Inflation Reduction Act,"Light-Duty Vehicle Sales: Total Sales, Cars and Light Trucks: TDI Diesel: No Inflation Reduction Act",AEO.2023.NOIRA.ECI_SAL_TRN_LDTY_TDS_NA_NA_TH.A,thousands,,73.79908,89.487541,102.287819,105.766861,113.325287,117.813057,124.715927,123.119064,121.600883,119.562347,118.415199,117.163307,118.00576,117.699867,120.89341,122.801353,124.10006,126.518723,128.119003,129.294754,131.743439,132.905243,133.158188,135.371964,136.573029,138.399368,140.413162,143.167694,145.493896,2.50%
Flex-Fuel,"Light-Duty Vehicle Sales: Total Sales, Cars and Light Trucks: Flex-Fuel",,thousands,,,,,,,,,,,,,,,,,,,,,,,,,,,,,,,
Reference case,"Light-Duty Vehicle Sales: Total Sales, Cars and Light Trucks: Flex-Fuel: Reference case",AEO.2023.REF2023.ECI_SAL_TRN_LDTY_FXF_NA_NA_TH.A,thousands,,561.446838,576.172852,589.65802,595.707214,591.966675,581.417908,567.784912,561.327332,551.665466,546.59729,540.905579,536.257263,534.943359,536.748108,539.773254,544.145813,549.658936,554.221191,561.397278,564.282532,567.163513,570.599976,573.375793,579.951111,582.01178,586.533752,588.370544,592.904053,598.290527,0.20%
No Inflation Reduction Act,"Light-Duty Vehicle Sales: Total Sales, Cars and Light Trucks: Flex-Fuel: No Inflation Reduction Act",AEO.2023.NOIRA.ECI_SAL_TRN_LDTY_FXF_NA_NA_TH.A,thousands,,564.68689,580.620728,591.807861,602.514648,606.993469,597.31488,585.905212,582.314453,572.832642,568.998779,564.734558,558.95929,557.796631,559.716003,559.914062,562.489136,566.266113,565.583069,571.193726,574.283508,573.318848,575.038574,579.261292,584.910217,589.864868,592.439514,595.636414,598.813843,603.431824,0.20%
Electric,"Light-Duty Vehicle Sales: Total Sales, Cars and Light Trucks: Electric",,thousands,,,,,,,,,,,,,,,,,,,,,,,,,,,,,,,
Reference case,"Light-Duty Vehicle Sales: Total Sales, Cars and Light Trucks: Electric: Reference case",AEO.2023.REF2023.ECI_SAL_TRN_LDTY_ELE_NA_NA_TH.A,thousands,,725.744629,767.127197,849.425537,989.616028,1142.228638,1293.048096,1448.761841,1627.34729,1754.971436,1810.978271,1887.947998,1928.593994,1974.082886,2024.998169,2075.404053,2099.332764,2122.768066,2145.078857,2151.002441,2165.340088,2185.248291,2189.4021,2200.755615,2217.408203,2314.114746,2313.930908,2326.421143,2354.427734,2386.537842,4.30%
No Inflation Reduction Act,"Light-Duty Vehicle Sales: Total Sales, Cars and Light Trucks: Electric: No Inflation Reduction Act",AEO.2023.NOIRA.ECI_SAL_TRN_LDTY_ELE_NA_NA_TH.A,thousands,,688.562561,705.581238,766.184204,853.857788,948.015564,1064.763306,1173.690674,1308.762207,1408.659424,1450.833374,1514.857178,1577.116577,1648.195923,1718.946167,1799.270142,1859.253174,1933.930176,2026.724365,2064.554199,2094.442383,2130.566895,2154.830322,2155.657959,2182.836914,2203.183105,2208.492432,2216.690918,2235.268311,2265.40918,4.30%
Plug-in Electric Hybrid,"Light-Duty Vehicle Sales: Total Sales, Cars and Light Trucks: Plug-in Electric Hybrid",,thousands,,,,,,,,,,,,,,,,,,,,,,,,,,,,,,,
Reference case,"Light-Duty Vehicle Sales: Total Sales, Cars and Light Trucks: Plug-in Electric Hybrid: Reference case",AEO.2023.REF2023.ECI_SAL_TRN_LDTY_PIE_NA_NA_TH.A,thousands,,190.603424,230.769516,296.409332,360.354492,410.446198,443.138428,476.82431,503.572357,518.656982,528.699463,540.372681,553.361145,569.775391,588.752502,600.994751,609.026184,617.11261,623.404785,624.985046,631.179565,638.683777,644.808289,649.36615,657.024414,669.852173,675.749207,679.525818,685.976501,695.470276,4.70%
No Inflation Reduction Act,"Light-Duty Vehicle Sales: Total Sales, Cars and Light Trucks: Plug-in Electric Hybrid: No Inflation Reduction Act",AEO.2023.NOIRA.ECI_SAL_TRN_LDTY_PIE_NA_NA_TH.A,thousands,,184.709229,216.614563,266.744781,314.066223,342.164886,365.206604,392.922211,415.664673,427.020355,435.066101,445.347473,465.168732,490.183746,517.377625,538.285461,556.665161,575.49884,593.251343,605.548828,614.486816,622.513672,630.498169,634.73822,642.976379,650.243896,654.00946,658.643005,665.005859,673.843201,4.70%
Electric Hybrid,"Light-Duty Vehicle Sales: Total Sales, Cars and Light Trucks: Electric Hybrid",,thousands,,,,,,,,,,,,,,,,,,,,,,,,,,,,,,,
Reference case,"Light-Duty Vehicle Sales: Total Sales, Cars and Light Trucks: Electric Hybrid: Reference case",AEO.2023.REF2023.ECI_SAL_TRN_LDTY_EHY_NA_NA_TH.A,thousands,,684.4823,746.131531,822.835449,865.260742,903.673035,925.832031,948.802002,970.303894,980.892578,992.179321,1000.218872,1013.318787,1033.453369,1058.688477,1081.972778,1101.802612,1123.127441,1143.139648,1161.098022,1173.058838,1182.440063,1189.250488,1196.933228,1210.468872,1231.201172,1239.646118,1247.06311,1257.052002,1273.092896,2.20%
No Inflation Reduction Act,"Light-Duty Vehicle Sales: Total Sales, Cars and Light Trucks: Electric Hybrid: No Inflation Reduction Act",AEO.2023.NOIRA.ECI_SAL_TRN_LDTY_EHY_NA_NA_TH.A,thousands,,674.260376,734.823608,811.465881,843.09436,872.968811,889.436584,908.463867,931.022522,940.433411,952.260498,961.220093,976.954468,1001.508362,1029.664185,1057.101685,1081.525269,1109.652954,1134.575562,1156.927124,1171.775513,1178.353027,1186.994385,1193.972778,1207.824951,1219.662476,1226.441162,1234.453613,1244.85022,1258.18103,2.30%
Gaseous (Propane and Natural Gas),"Light-Duty Vehicle Sales: Total Sales, Cars and Light Trucks: Gaseous",,thousands,,,,,,,,,,,,,,,,,,,,,,,,,,,,,,,
Reference case,"Light-Duty Vehicle Sales: Total Sales, Cars and Light Trucks: Gaseous: Reference case",AEO.2023.REF2023.ECI_SAL_TRN_LDTY_GSU_NA_NA_TH.A,thousands,,0.974248,1.292736,1.480679,1.504588,1.507593,1.521283,1.483218,1.495529,1.483341,1.475659,1.471995,1.46398,1.477537,1.497658,1.543089,1.579767,1.61426,1.66434,1.715099,1.74894,1.796222,1.842319,1.914339,1.984845,2.084657,2.165471,2.251104,2.329855,2.455567,3.40%
No Inflation Reduction Act,"Light-Duty Vehicle Sales: Total Sales, Cars and Light Trucks: Gaseous: No Inflation Reduction Act",AEO.2023.NOIRA.ECI_SAL_TRN_LDTY_GSU_NA_NA_TH.A,thousands,,0.886769,1.228074,1.47367,1.49931,1.490138,1.492732,1.449941,1.459802,1.452163,1.453104,1.458626,1.458008,1.484165,1.501918,1.545016,1.578562,1.61641,1.649403,1.705108,1.750634,1.797883,1.858637,1.912928,1.983815,2.056409,2.125913,2.20936,2.307554,2.406219,3.60%
Fuel Cell,"Light-Duty Vehicle Sales: Total Sales, Cars and Light Trucks: Fuel Cell",,thousands,,,,,,,,,,,,,,,,,,,,,,,,,,,,,,,
Reference case,"Light-Duty Vehicle Sales: Total Sales, Cars and Light Trucks: Fuel Cell: Reference case",AEO.2023.REF2023.ECI_SAL_TRN_LDTY_FUC_NA_NA_TH.A,thousands,,2.515957,2.539908,2.212175,2.041584,2.161834,2.348516,2.668757,2.867308,3.054756,3.201999,3.326378,3.440445,3.560296,3.686183,3.798279,3.88256,3.835827,3.797836,3.760984,3.703663,3.644969,3.584548,3.532015,3.51807,3.624276,3.759635,3.745819,3.756394,3.765024,1.50%
No Inflation Reduction Act,"Light-Duty Vehicle Sales: Total Sales, Cars and Light Trucks: Fuel Cell: No Inflation Reduction Act",AEO.2023.NOIRA.ECI_SAL_TRN_LDTY_FUC_NA_NA_TH.A,thousands,,2.413747,2.46272,2.191088,2.059778,2.202042,2.430447,2.76615,3.008497,3.227298,3.403544,3.550406,3.658468,3.764899,3.853558,3.931198,3.993872,3.983805,4.092256,4.15577,4.102879,4.031875,3.979446,3.929796,3.9037,3.874774,3.835841,3.802808,3.786457,3.790928,1.60%
Total Vehicles Sales,Light-Duty Vehicle Sales: Total Vehicles Sales,,thousands,,,,,,,,,,,,,,,,,,,,,,,,,,,,,,,
Reference case,Light-Duty Vehicle Sales: Total Vehicles Sales: Reference case,AEO.2023.REF2023.ECI_SAL_TRN_LDTY_NA_NA_NA_TH.A,thousands,,14229.22461,14562.61328,15024.14648,15227.49902,15333.6377,15259.88477,15109.75098,15160.97754,15073.44434,15003.58496,14951.04688,14888.11914,14916.0332,15017.74316,15152.59473,15262.84473,15396.79492,15511.69727,15651.67969,15703.66113,15761.8457,15800.5459,15851.06055,15983.58008,16113.31445,16178.02539,16220.65527,16314.14648,16464.36328,0.50%
No Inflation Reduction Act,Light-Duty Vehicle Sales: Total Vehicles Sales: No Inflation Reduction Act,AEO.2023.NOIRA.ECI_SAL_TRN_LDTY_NA_NA_NA_TH.A,thousands,,14261.7832,14572.16016,14999.96191,15181.71191,15371.62012,15264.45801,15094.58203,15157.72461,15051.62402,14993.62793,14960.88477,14901.39648,14959.39258,15074,15190.19727,15311.22461,15467.85059,15542.70313,15688.11426,15765.09766,15761.88867,15805.32422,15862.4375,15995.28027,16100.94922,16140.15527,16197.22266,16273.69922,16388.08789,0.50%
Conventional Gasoline Microhybrids,Light-Duty Vehicle Sales: Microhybrids: Conventional Gasoline,,thousands,,,,,,,,,,,,,,,,,,,,,,,,,,,,,,,
Reference case,Light-Duty Vehicle Sales: Microhybrids: Conventional Gasoline: Reference case,AEO.2023.REF2023.ECI_SAL_TRN_MCHY_CVG_NA_NA_TH.A,thousands,,2847.133057,3462.160889,4091.763428,4691.938965,5181.171387,5697.414062,6157.34668,6648.692871,7019.714844,7444.549316,7841.524902,8211.80957,8590.762695,8988.728516,9384.563477,9757.115234,10117.71484,10399.3457,10660.64356,10790.36914,10889.36621,10964.31738,11022.27637,11131.13672,11137.19922,11181.94238,11196.23731,11247.3584,11330.12891,5.10%
No Inflation Reduction Act,Light-Duty Vehicle Sales: Microhybrids: Conventional Gasoline: No Inflation Reduction Act,AEO.2023.NOIRA.ECI_SAL_TRN_MCHY_CVG_NA_NA_TH.A,thousands,,2861.011963,3488.092773,4118.669922,4749.540527,5296.780273,5857.714355,6356.774414,6912.891602,7362.339844,7893.119141,8328.086914,8689.907227,9060.021484,9432.356445,9775.484375,10107.7832,10419.30957,10585.71777,10804.69922,10933.95996,10962.20996,11017.30957,11094.24219,11192.98047,11264.4502,11283.49609,11314.54004,11349.70117,11404.75098,5.10%
TDI Diesel Microhybrids,Light-Duty Vehicle Sales: Microhybrids: TDI Diesel,,thousands,,,,,,,,,,,,,,,,,,,,,,,,,,,,,,,
Reference case,Light-Duty Vehicle Sales: Microhybrids: TDI Diesel: Reference case,AEO.2023.REF2023.ECI_SAL_TRN_MCHY_TDS_NA_NA_TH.A,thousands,,0,0,0,0,0,0,0,0,0,0,0,0,0,0,0,0,0,0,0,0,0,0,0,0,0,0,0,0,0,- -
No Inflation Reduction Act,Light-Duty Vehicle Sales: Microhybrids: TDI Diesel: No Inflation Reduction Act,AEO.2023.NOIRA.ECI_SAL_TRN_MCHY_TDS_NA_NA_TH.A,thousands,,0,0,0,0,0,0,0,0,0,0,0,0,0,0,0,0,0,0,0,0,0,0,0,0,0,0,0,0,0,- -
Total Alternative-Fueled Vehicle Sales,Light-Duty Vehicle Sales: Alternative-Fueled Vehicles,,thousands,,,,,,,,,,,,,,,,,,,,,,,,,,,,,,,
Reference case,Light-Duty Vehicle Sales: Alternative-Fueled Vehicles: Reference case,AEO.2023.REF2023.ECI_SAL_TRN_LDTY_NA_NA_NA_TH.A,thousands,,5096.734375,5883.248047,6758.341797,7616.62207,8347.572266,9062.90625,9728.625,10437.72852,10949.87207,11443.99805,11930.96973,12362.12793,12822.66992,13317.90625,13806.45313,14236.76563,14657.88086,14995.98535,15292.37109,15457.76953,15598.55957,15693.86231,15780.88086,15936.08398,16077.17676,16142.09961,16184.81641,16286.96191,16437.08398,4.30%
No Inflation Reduction Act,Light-Duty Vehicle Sales: Alternative-Fueled Vehicles: No Inflation Reduction Act,AEO.2023.NOIRA.ECI_SAL_TRN_LDTY_NA_NA_NA_TH.A,thousands,,5050.331055,5818.911133,6660.826172,7472.399414,8183.941406,8896.171875,9546.686523,10278.24316,10837.56738,11424.69727,11937.67188,12390.3877,12880.96191,13381.11523,13856.42481,14296.08984,14734.3584,15038.11231,15336.90234,15524.09766,15604.53711,15703.41406,15796.87402,15952.78809,16069.9082,16109.24121,16166.38867,16242.90234,16357.30859,4.30%
